1,Coconut,payless/images/Coconut.jpg
2,Tomato,payless/images/Tomato.jpg
3,Radish,payless/images/White Radish.jpg
4,Beans,payless/images/Stringless Beans.jpg
5,Cucumber,payless/images/Cucumber Regular.jpg
6,Bottle Gourd,payless/images/Lauki (Bottle Gourd).jpg
7,Carrot,payless/images/Carrot Orange.jpg
8,Cauliflower,payless/images/Cauliflower.jpg
9,Sweet Corn,payless/images/Sweet Corn.jpg
10,Cabbage,payless/images/Cabbage.jpg
11,Onion,payless/images/Onion.jpg
12,Potato,payless/images/Potato.jpg
13,Green Capsicum,payless/images/Green Capsicum.jpg
14,Sweet Potato,payless/images/Sweet Potat.jpg
15,Ridge Gourd,payless/images/Turai (Ridge Gourd).jpg
16,Beetroot,payless/images/Beetroot.jpg
17,Amla,payless/images/Amla.jpg
18,Coccinia,payless/images/Coccinia.jpg
19,Chow Chow,payless/images/Chow Chow.jpg
20,Bitter Gourd,payless/images/Bitter Gourd.jpg
21,Snake Gourd,payless/images/Snake Gourd.jpg
22,Yam,payless/images/Yam.jpg
23,Baby Corn,payless/images/Baby Corn.jpg
24,Colocasia,payless/images/Colocasia.jpg
25,Sambar Onion,payless/images/Sambar Onion.jpg
26,Knol Khol,payless/images/Knol Khol.jpg
27,Curry Leaves,payless/images/Curry Leaves.jpg
28,Tapioca,payless/images/Tapioca.jpg
29,Ash Gourd,payless/images/Ash Gourd.jpg
30,Banana Flower,payless/images/Banana Flower.jpg
31,Sweet Corn Shelled,payless/images/Sweet Corn Shelled.jpg
32,Banana Stem,payless/images/Banana Stem.jpg
33,Pidi Karunai,payless/images/Pidi Karunai.jpg
34,Sprout Mix,payless/images/Sprout Mix.jpg
35,Betel Leaf,payless/images/Betel Leaf.jpg
36,Sprout,payless/images/Sprout.jpg
37,Banana Leaf,payless/images/Banana Leaf.jpg
38,Beans,payless/images/Beans.jpg
39,Ladies Finger,payless/images/Ladies Finger.jpg
40,Carrot,payless/images/Carrot.jpg
41,Mushroom,payless/images/Mushroom.jpg
42,Mint,payless/images/Mint.jpg
43,Green Peas,payless/images/Green Peas.jpg
44,Capsicum,payless/images/Capsicum.jpg
45,Elephant Foot Yam,payless/images/Elephant Foot Yam.jpg
46,Brinjal,payless/images/Brinjal.jpg
47,Palak,payless/images/Palak.jpg
48,Groundnut,payless/images/Groundnut.jpg
49,Coconut Flower,payless/images/Coconut Flower.jpg
50,Palmyra Sprout,payless/images/Palmyra Sprout.jpg
51,Baby Potato,payless/images/Baby Potato.jpg
52,Pumpkin,payless/images/Pumpkin.jpg
53,Lettuce,payless/images/Lettuce.jpg
54,Turmeric,payless/images/Turmeric.jpg
55,Spring Onion,payless/images/Spring Onion.jpg
56,Amaranthus,payless/images/Amaranthus.jpg
57,Siru Keerai,payless/images/Siru Keerai.jpg
58,Gongura,payless/images/Gongura.jpg
59,Pak Choi,payless/images/Pak Choi.jpg
60,Coriander,payless/images/Coriander.jpg
61,Drumstick,payless/images/Drumstick.jpg
62,Spinach,payless/images/Spinach.jpg
63,Alternanthera,payless/images/Alternanthera.jpg
64,Broccoli,payless/images/Broccoli.jpg
65,Banana,payless/images/Banana.jpg
66,Turnip,payless/images/Turnip.jpg
67,Methi,payless/images/Methi.jpg
68,Leeks,payless/images/Leeks.jpg
